hu1,hu2,hu3,hu4,hu5,hu6,hu7,sample,class
2.775517470738274,6.531707602847659,10.823492225831897,11.063260994232229,-22.104007102736496,-14.649429089546468,-22.22767188382642,image1,1
3.1299046198441403,7.368180731018163,15.626442325372834,15.649222472834019,31.301339165314065,19.35196383733819,-31.885105645370444,image4.png,1
2.8336818817166596,5.989907152603496,11.905319573635516,12.072875730040145,24.199160290747656,15.579363402530248,-24.226688326220398,image2.png,2
2.8991875956316995,6.111861620955019,11.183270459600562,11.367455492774818,22.77776896381531,14.981739980125326,-22.810100325382546,image5.png,2
2.7593881527546613,6.126530142447359,11.630143091706564,11.1946799829107,22.616688317301588,14.280198995932459,23.289186248791097,image3.png,3
2.7754375332548737,6.532887602262355,10.85202536823585,11.057110339835269,-22.118132205330177,-14.640399537541189,-22.217531184759334,original_min.png,4
